{
    "accuracy": 0.7906316536550745,
    "precision": 0.6179104477611941,
    "recall": 0.553475935828877,
    "f1_score": 0.5839210155148096,
    "roc_auc": 0.840282621612545
}