Model,Accuracy,Precision,Recall,F1,ROC-AUC
Logistic Regression,0.7906316536550745,0.6179104477611941,0.553475935828877,0.5839210155148096,0.840282621612545
Decision Tree,0.7601135557132718,0.5483870967741935,0.5454545454545454,0.546916890080429,0.6915678524374176
Random Forest,0.801277501774308,0.6654929577464789,0.5053475935828877,0.574468085106383,0.8415898111550285
Gradient Boosting,0.8076650106458482,0.6710963455149501,0.5401069518716578,0.5985185185185186,0.85276421504043
